base,time_ratio,pct_diff
local,1.0814111921220146,8.141119212201463
bridge,1.049766072306177,4.976607230617702
